Symbol,MinDate,MaxDate,TotalRows,Quality
RSG,2022-12-19 09:30:00,2024-12-19 10:30:00,40175,Moderada
EXPD,2022-12-19 09:30:00,2024-12-19 09:40:00,40137,Moderada
INVH,2022-12-19 09:30:00,2024-12-19 10:00:00,40633,Moderada
GWW,2022-12-19 09:30:00,2024-12-19 10:50:00,35578,Baja
ANSS,2022-12-19 09:25:00,2024-12-19 07:55:00,39259,Baja
O,2022-12-19 08:00:00,2024-12-19 10:30:00,58029,Alta
IFF,2022-12-19 07:45:00,2024-12-19 09:55:00,40843,Moderada
BR,2022-12-19 09:30:00,2024-12-18 16:00:00,39213,Baja
V,2022-12-19 08:00:00,2024-12-19 10:45:00,46922,Moderada
SOLV,2024-04-01 03:20:00,2024-12-19 10:35:00,15209,Baja
CCI,2022-12-19 09:30:00,2024-12-19 09:30:00,41523,Moderada
TRV,2022-12-19 08:55:00,2024-12-19 10:40:00,40713,Moderada
HPE,2022-12-19 08:20:00,2024-12-19 09:50:00,48606,Moderada
AVGO,2022-12-19 07:40:00,2024-12-19 09:15:00,57192,Alta
PFE,2022-12-19 04:00:00,2024-12-19 10:25:00,76847,Alta
EFX,2022-12-19 09:30:00,2024-12-19 09:40:00,40192,Moderada
BRO,2022-12-19 09:30:00,2024-12-18 19:50:00,40271,Moderada
ROP,2022-12-19 09:30:00,2024-12-19 10:30:00,39030,Baja
AMP,2022-12-19 09:30:00,2024-12-19 09:05:00,39285,Baja
VRTX,2022-12-19 09:25:00,2024-12-19 10:45:00,41500,Moderada
TER,2022-12-19 09:30:00,2024-12-19 10:40:00,42246,Moderada
AMZN,2022-12-19 04:00:00,2024-12-19 09:05:00,91331,Alta
VRSN,2022-12-19 09:30:00,2024-12-19 10:45:00,39790,Baja
HES,2022-12-19 09:20:00,2024-12-19 09:50:00,41680,Moderada
BAC,2022-12-19 04:25:00,2024-12-19 09:15:00,75088,Alta
MTCH,2022-12-19 09:25:00,2024-12-19 10:10:00,45310,Moderada
DTE,2022-12-19 09:30:00,2024-12-19 09:35:00,40091,Moderada
NUE,2022-12-19 07:00:00,2024-12-19 10:20:00,42068,Moderada
EA,2022-12-19 09:30:00,2024-12-19 09:40:00,41889,Moderada
CE,2022-12-19 09:30:00,2024-12-19 09:00:00,40392,Moderada
MSI,2022-12-19 09:30:00,2024-12-19 10:15:00,39877,Baja
FI,2022-12-19 09:30:00,2024-12-19 09:45:00,41032,Moderada
BBY,2022-12-19 06:30:00,2024-12-18 17:40:00,43457,Moderada
PCAR,2022-12-19 07:25:00,2024-12-19 10:20:00,41650,Moderada
MHK,2022-12-19 09:30:00,2024-12-19 10:10:00,39889,Baja
SHW,2022-12-19 09:30:00,2024-12-19 10:35:00,40643,Moderada
SNPS,2022-12-19 09:20:00,2024-12-19 10:35:00,41599,Moderada
ENPH,2022-12-19 06:45:00,2024-12-19 09:40:00,58686,Alta
AON,2022-12-19 09:30:00,2024-12-18 18:20:00,40096,Moderada
TXN,2022-12-19 09:30:00,2024-12-19 10:40:00,46082,Moderada
ES,2022-12-19 09:30:00,2024-12-19 09:40:00,40437,Moderada
STE,2022-12-19 09:30:00,2024-12-19 10:35:00,39113,Baja
BA,2022-12-19 04:05:00,2024-12-19 09:15:00,66093,Alta
PSX,2022-12-19 08:40:00,2024-12-19 10:25:00,43016,Moderada
HAL,2022-12-19 05:10:00,2024-12-19 09:50:00,50628,Alta
BF.B,2022-12-19 09:30:00,2024-12-18 16:00:00,40271,Moderada
ON,2022-12-19 06:20:00,2024-12-19 10:20:00,52332,Alta
PHM,2022-12-19 07:15:00,2024-12-19 10:25:00,42348,Moderada
MPC,2022-12-19 04:30:00,2024-12-19 10:05:00,43556,Moderada
L,2022-12-19 09:30:00,2024-12-19 10:05:00,39954,Baja
PRU,2022-12-19 09:30:00,2024-12-19 10:25:00,41589,Moderada
FOXA,2022-12-19 09:30:00,2024-12-19 09:45:00,40861,Moderada
MMM,2022-12-19 08:50:00,2024-12-19 08:00:00,48242,Moderada
UNH,2022-12-19 08:45:00,2024-12-19 10:45:00,45636,Moderada
DD,2022-12-19 08:00:00,2024-12-19 09:35:00,41999,Moderada
NOW,2022-12-19 08:10:00,2024-12-19 10:35:00,43869,Moderada
AKAM,2022-12-19 07:35:00,2024-12-19 07:20:00,41589,Moderada
DG,2022-12-19 08:05:00,2024-12-19 09:35:00,45141,Moderada
TFX,2022-12-19 09:30:00,2024-12-19 10:40:00,37146,Baja
CRM,2022-12-19 07:00:00,2024-12-19 10:30:00,53505,Alta
NVR,2022-12-19 09:30:00,2024-12-19 10:20:00,34023,Baja
PKG,2022-12-19 09:30:00,2024-12-19 10:20:00,39589,Baja
HOLX,2022-12-19 09:25:00,2024-12-19 09:50:00,40417,Moderada
CVS,2022-12-19 09:00:00,2024-12-19 09:30:00,52632,Alta
AES,2022-12-19 08:30:00,2024-12-19 09:00:00,43939,Moderada
ELV,2022-12-19 09:30:00,2024-12-19 09:40:00,40772,Moderada
ALGN,2022-12-19 09:30:00,2024-12-18 17:50:00,41175,Moderada
PLD,2022-12-19 09:30:00,2024-12-19 10:25:00,41325,Moderada
PNR,2022-12-19 09:25:00,2024-12-19 10:25:00,40170,Moderada
DUK,2022-12-19 07:00:00,2024-12-19 09:35:00,42304,Moderada
GRMN,2022-12-19 09:30:00,2024-12-19 09:45:00,40175,Moderada
CTSH,2022-12-19 08:00:00,2024-12-19 09:25:00,41631,Moderada
UPS,2022-12-19 07:00:00,2024-12-19 10:45:00,45639,Moderada
CZR,2022-12-19 09:05:00,2024-12-19 09:20:00,44860,Moderada
PAYC,2022-12-19 09:30:00,2024-12-19 10:25:00,40883,Moderada
MMC,2022-12-19 09:30:00,2024-12-19 10:05:00,40276,Moderada
D,2022-12-19 08:00:00,2024-12-19 09:35:00,43325,Moderada
SWKS,2022-12-19 09:30:00,2024-12-19 10:35:00,43165,Moderada
IDXX,2022-12-19 07:15:00,2024-12-19 09:55:00,39305,Baja
TRMB,2022-12-19 09:30:00,2024-12-19 10:40:00,40467,Moderada
RMD,2022-12-19 09:30:00,2024-12-19 10:30:00,40977,Moderada
FTV,2022-12-19 09:30:00,2024-12-19 09:45:00,40257,Moderada
TECH,2022-12-19 09:30:00,2024-12-19 06:55:00,40107,Moderada
ZTS,2022-12-19 09:30:00,2024-12-19 10:55:00,40956,Moderada
ARE,2022-12-19 09:30:00,2024-12-19 09:05:00,40505,Moderada
BMY,2022-12-19 08:15:00,2024-12-19 09:10:00,50375,Alta
HUM,2022-12-19 09:30:00,2024-12-19 09:55:00,42783,Moderada
AMAT,2022-12-19 08:00:00,2024-12-19 09:05:00,53538,Alta
LDOS,2022-12-19 09:25:00,2024-12-19 10:05:00,40402,Moderada
TROW,2022-12-19 09:10:00,2024-12-19 10:40:00,41006,Moderada
EMN,2022-12-19 09:30:00,2024-12-19 09:35:00,40126,Moderada
HON,2022-12-19 07:10:00,2024-12-19 09:55:00,43462,Moderada
NEE,2022-12-19 06:00:00,2024-12-19 10:15:00,49050,Moderada
ABT,2022-12-19 08:00:00,2024-12-19 09:00:00,43927,Moderada
HIG,2022-12-19 09:25:00,2024-12-19 09:50:00,40337,Moderada
PG,2022-12-19 08:30:00,2024-12-19 10:25:00,45980,Moderada
ALL,2022-12-19 09:30:00,2024-12-18 17:05:00,40684,Moderada
COR,2022-12-19 09:30:00,2024-12-19 07:20:00,40293,Moderada
DHI,2022-12-19 08:00:00,2024-12-19 09:35:00,43572,Moderada
SPG,2022-12-19 08:50:00,2024-12-19 10:35:00,41577,Moderada
BWA,2022-12-19 09:30:00,2024-12-18 17:05:00,41003,Moderada
QRVO,2022-12-19 09:25:00,2024-12-19 10:30:00,41659,Moderada
AMGN,2022-12-19 09:30:00,2024-12-19 08:30:00,43554,Moderada
USB,2022-12-19 09:25:00,2024-12-19 10:45:00,48078,Moderada
LKQ,2022-12-19 09:30:00,2024-12-19 10:05:00,40334,Moderada
STT,2022-12-19 09:30:00,2024-12-19 10:35:00,41037,Moderada
MLM,2022-12-19 09:30:00,2024-12-19 10:05:00,38906,Baja
SBAC,2022-12-19 09:30:00,2024-12-19 10:30:00,40064,Moderada
GEN,2022-12-19 09:30:00,2024-12-19 09:50:00,41334,Moderada
AFL,2022-12-19 09:30:00,2024-12-19 06:15:00,40908,Moderada
GLW,2022-12-19 08:00:00,2024-12-19 09:30:00,43651,Moderada
HRL,2022-12-19 09:30:00,2024-12-19 09:55:00,41601,Moderada
GOOGL,2022-12-19 04:00:00,2024-12-19 09:05:00,84941,Alta
TRGP,2022-12-19 09:30:00,2024-12-19 10:40:00,40398,Moderada
KLAC,2022-12-19 09:30:00,2024-12-19 10:00:00,41945,Moderada
FICO,2022-12-19 09:30:00,2024-12-19 09:45:00,31251,Baja
MNST,2022-12-19 09:30:00,2024-12-19 10:15:00,43625,Moderada
GDDY,2022-12-19 09:30:00,2024-12-19 09:50:00,40760,Moderada
NXPI,2022-12-19 07:00:00,2024-12-19 10:20:00,43724,Moderada
CSGP,2022-12-19 08:25:00,2024-12-19 09:30:00,40932,Moderada
AJG,2022-12-19 09:30:00,2024-12-18 17:05:00,40152,Moderada
ADM,2022-12-19 06:25:00,2024-12-19 08:45:00,43292,Moderada
TAP,2022-12-19 09:30:00,2024-12-19 10:10:00,40761,Moderada
PPL,2022-12-19 09:25:00,2024-12-19 10:25:00,41182,Moderada
LRCX,2022-12-19 09:05:00,2024-12-19 10:05:00,46311,Moderada
EVRG,2022-12-19 09:30:00,2024-12-19 09:40:00,40459,Moderada
NFLX,2022-12-19 06:05:00,2024-12-19 10:15:00,58952,Alta
MKC,2022-12-19 09:30:00,2024-12-19 10:10:00,40614,Moderada
HII,2022-12-19 09:30:00,2024-12-19 09:55:00,37283,Baja
BLK,2022-12-19 09:30:00,2024-12-19 09:15:00,40477,Moderada
WFC,2022-12-19 04:45:00,2024-12-19 10:50:00,54972,Alta
KO,2022-12-19 04:00:00,2024-12-19 09:25:00,59060,Alta
HST,2022-12-19 09:30:00,2024-12-19 09:55:00,41097,Moderada
GIS,2022-12-19 08:00:00,2024-12-19 09:50:00,42750,Moderada
WYNN,2022-12-19 05:40:00,2024-12-19 10:50:00,46762,Moderada
CMS,2022-12-19 09:20:00,2024-12-19 04:25:00,40117,Moderada
TMUS,2022-12-19 09:25:00,2024-12-19 10:40:00,44570,Moderada
DOC,2022-12-19 09:30:00,2024-12-19 09:50:00,41050,Moderada
NI,2022-12-19 09:30:00,2024-12-19 10:15:00,40506,Moderada
CPB,2022-12-19 07:00:00,2024-12-19 08:45:00,41628,Moderada
PPG,2022-12-19 09:30:00,2024-12-19 10:25:00,40725,Moderada
ROK,2022-12-19 09:30:00,2024-12-19 10:30:00,40396,Moderada
ADI,2022-12-19 09:30:00,2024-12-19 08:35:00,43484,Moderada
CHD,2022-12-19 09:25:00,2024-12-19 08:50:00,40278,Moderada
LMT,2022-12-19 07:00:00,2024-12-19 10:05:00,42481,Moderada
BXP,2022-12-19 08:00:00,2024-12-18 16:10:00,40992,Moderada
WMT,2022-12-19 07:00:00,2024-12-19 10:50:00,56740,Alta
STX,2022-12-19 08:20:00,2024-12-19 10:35:00,42451,Moderada
AXP,2022-12-19 06:50:00,2024-12-19 08:55:00,45630,Moderada
RF,2022-12-19 09:30:00,2024-12-19 10:30:00,43110,Moderada
POOL,2022-12-19 09:30:00,2024-12-19 10:25:00,38621,Baja
ABBV,2022-12-19 08:10:00,2024-12-19 08:50:00,45247,Moderada
KEYS,2022-12-19 09:30:00,2024-12-19 10:00:00,40649,Moderada
WRB,2022-12-19 09:30:00,2024-12-19 10:50:00,40230,Moderada
FSLR,2022-12-19 06:45:00,2024-12-19 09:45:00,50263,Alta
MSFT,2022-12-19 04:00:00,2024-12-19 10:10:00,83822,Alta
TEL,2022-12-19 09:30:00,2024-12-19 10:40:00,40220,Moderada
RL,2022-12-19 08:15:00,2024-12-19 10:30:00,40599,Moderada
MAS,2022-12-19 09:30:00,2024-12-19 10:10:00,40384,Moderada
CSX,2022-12-19 08:15:00,2024-12-19 09:30:00,44667,Moderada
PSA,2022-12-19 09:30:00,2024-12-19 10:25:00,40100,Moderada
GOOG,2022-12-19 04:05:00,2024-12-19 09:05:00,81267,Alta
LW,2022-12-19 09:25:00,2024-12-19 10:05:00,41174,Moderada
IRM,2022-12-19 07:30:00,2024-12-19 10:00:00,41135,Moderada
WMB,2022-12-19 08:45:00,2024-12-19 10:50:00,42414,Moderada
ACN,2022-12-19 09:10:00,2024-12-19 09:00:00,42240,Moderada
WAB,2022-12-19 09:30:00,2024-12-19 10:50:00,40091,Moderada
TTWO,2022-12-19 08:10:00,2024-12-19 10:40:00,42336,Moderada
RVTY,2022-12-19 09:05:00,2024-12-19 10:30:00,39976,Baja
ODFL,2022-12-19 09:30:00,2024-12-19 10:20:00,40630,Moderada
DPZ,2022-12-19 09:30:00,2024-12-19 09:35:00,40725,Moderada
HLT,2022-12-19 09:30:00,2024-12-19 09:50:00,40804,Moderada
DLTR,2022-12-19 09:30:00,2024-12-19 09:35:00,43710,Moderada
CTRA,2022-12-19 08:00:00,2024-12-19 09:30:00,48912,Moderada
VTR,2022-12-19 09:30:00,2024-12-19 10:45:00,40663,Moderada
CMCSA,2022-12-19 07:00:00,2024-12-19 09:25:00,48542,Moderada
ABNB,2022-12-19 04:05:00,2024-12-19 09:00:00,54328,Alta
FDX,2022-12-19 08:00:00,2024-12-19 09:45:00,44493,Moderada
CHTR,2022-12-19 09:30:00,2024-12-19 09:25:00,41334,Moderada
DHR,2022-12-19 09:25:00,2024-12-19 09:30:00,42106,Moderada
NWS,2022-12-19 09:30:00,2024-12-19 10:15:00,39971,Baja
MDLZ,2022-12-19 04:35:00,2024-12-19 10:15:00,44023,Moderada
NOC,2022-12-19 09:30:00,2024-12-19 10:15:00,40800,Moderada
KMX,2022-12-19 08:35:00,2024-12-19 09:20:00,41966,Moderada
SYY,2022-12-19 09:10:00,2024-12-19 10:35:00,40660,Moderada
PARA,2022-12-19 07:00:00,2024-12-19 10:20:00,59631,Alta
EXR,2022-12-19 09:30:00,2024-12-19 09:40:00,40152,Moderada
VLTO,2023-10-02 08:20:00,2024-12-19 10:45:00,24830,Baja
INTU,2022-12-19 09:20:00,2024-12-19 09:55:00,41988,Moderada
TDY,2022-12-19 09:30:00,2024-12-19 10:40:00,34850,Baja
TFC,2022-12-19 07:00:00,2024-12-19 10:40:00,47919,Moderada
HPQ,2022-12-19 04:15:00,2024-12-19 09:55:00,46080,Moderada
CBOE,2022-12-19 09:30:00,2024-12-19 05:55:00,40140,Moderada
KEY,2022-12-19 09:00:00,2024-12-19 10:00:00,50564,Alta
AME,2022-12-19 09:30:00,2024-12-18 17:05:00,40109,Moderada
GPN,2022-12-19 09:30:00,2024-12-19 09:50:00,40863,Moderada
UNP,2022-12-19 09:30:00,2024-12-19 10:45:00,41393,Moderada
CRWD,2022-12-19 05:25:00,2024-12-19 09:30:00,58943,Alta
LNT,2022-12-19 09:30:00,2024-12-19 08:55:00,40324,Moderada
WDC,2022-12-19 07:00:00,2024-12-19 10:50:00,46765,Moderada
JPM,2022-12-19 04:25:00,2024-12-19 10:00:00,55886,Alta
CRL,2022-12-19 09:30:00,2024-12-19 09:25:00,39671,Baja
VST,2022-12-19 09:25:00,2024-12-19 10:45:00,48068,Moderada
FANG,2022-12-19 08:00:00,2024-12-19 09:35:00,43626,Moderada
MTD,2022-12-19 09:30:00,2024-12-19 10:10:00,28300,Baja
ETN,2022-12-19 09:30:00,2024-12-19 09:35:00,41278,Moderada
J,2022-12-19 09:30:00,2024-12-19 10:00:00,39824,Baja
VLO,2022-12-19 07:05:00,2024-12-19 10:45:00,45322,Moderada
TYL,2022-12-19 09:30:00,2024-12-19 10:40:00,34895,Baja
ORCL,2022-12-19 07:45:00,2024-12-19 10:20:00,54764,Alta
SYK,2022-12-19 09:30:00,2024-12-19 10:35:00,40743,Moderada
BKNG,2022-12-19 09:30:00,2024-12-18 19:10:00,36468,Baja
IR,2022-12-19 09:30:00,2024-12-19 09:55:00,40401,Moderada
CF,2022-12-19 08:10:00,2024-12-19 09:00:00,41524,Moderada
SWK,2022-12-19 07:00:00,2024-12-19 10:35:00,41633,Moderada
AWK,2022-12-19 08:00:00,2024-12-19 08:55:00,40440,Moderada
ROL,2022-12-19 09:30:00,2024-12-19 10:30:00,40351,Moderada
CINF,2022-12-19 09:30:00,2024-12-19 07:40:00,39709,Baja
KDP,2022-12-19 04:00:00,2024-12-19 10:00:00,43319,Moderada
ECL,2022-12-19 09:30:00,2024-12-19 09:35:00,40233,Moderada
KVUE,2023-05-04 11:45:00,2024-12-19 10:00:00,36547,Baja
LH,2022-12-19 09:30:00,2024-12-19 10:05:00,39772,Baja
FTNT,2022-12-19 09:25:00,2024-12-19 09:45:00,48944,Moderada
JNJ,2022-12-19 08:20:00,2024-12-19 10:00:00,48680,Moderada
EQT,2022-12-19 04:55:00,2024-12-19 09:40:00,46392,Moderada
DAY,2022-12-19 09:30:00,2024-12-19 09:30:00,40279,Moderada
MET,2022-12-19 09:30:00,2024-12-19 10:10:00,41961,Moderada
CTVA,2022-12-19 08:55:00,2024-12-19 09:30:00,41014,Moderada
URI,2022-12-19 09:30:00,2024-12-19 10:45:00,40521,Moderada
MAR,2022-12-19 08:35:00,2024-12-19 10:05:00,42006,Moderada
UHS,2022-12-19 09:30:00,2024-12-19 10:45:00,39836,Baja
VZ,2022-12-19 05:25:00,2024-12-19 10:45:00,63280,Alta
DRI,2022-12-19 09:30:00,2024-12-19 09:30:00,40551,Moderada
CPAY,2022-12-19 09:30:00,2024-12-19 09:30:00,39229,Baja
AMD,2022-12-19 04:00:00,2024-12-19 09:00:00,91185,Alta
NKE,2022-12-19 07:15:00,2024-12-19 10:15:00,59678,Alta
WAT,2022-12-19 09:30:00,2024-12-19 10:50:00,38859,Baja
WBA,2022-12-19 04:00:00,2024-12-19 10:50:00,61048,Alta
XEL,2022-12-19 09:30:00,2024-12-19 10:50:00,41442,Moderada
PNW,2022-12-19 09:30:00,2024-12-19 10:25:00,40033,Moderada
IEX,2022-12-19 09:30:00,2024-12-19 09:55:00,38594,Baja
VMC,2022-12-19 09:30:00,2024-12-19 10:45:00,40167,Moderada
DXCM,2022-12-19 05:10:00,2024-12-19 09:35:00,44031,Moderada
K,2022-12-19 08:30:00,2024-12-19 10:00:00,41733,Moderada
BG,2022-12-19 09:30:00,2024-12-19 08:00:00,40628,Moderada
KMI,2022-12-19 04:35:00,2024-12-19 10:00:00,48627,Moderada
INTC,2022-12-19 04:00:00,2024-12-19 09:55:00,87637,Alta
ROST,2022-12-19 09:30:00,2024-12-19 10:30:00,41908,Moderada
APH,2022-12-19 08:50:00,2024-12-19 09:00:00,41800,Moderada
A,2022-12-19 07:55:00,2024-12-18 17:20:00,41022,Moderada
FMC,2022-12-19 09:30:00,2024-12-19 09:45:00,41008,Moderada
HAS,2022-12-19 04:50:00,2024-12-19 09:50:00,41494,Moderada
DVA,2022-12-19 09:30:00,2024-12-19 09:30:00,40363,Moderada
ISRG,2022-12-19 07:00:00,2024-12-19 09:55:00,42870,Moderada
WBD,2022-12-19 04:00:00,2024-12-19 10:50:00,60935,Alta
ACGL,2022-12-19 09:25:00,2024-12-19 08:05:00,40718,Moderada
PTC,2022-12-19 09:30:00,2024-12-19 10:25:00,40031,Moderada
META,2022-12-19 04:00:00,2024-12-19 10:10:00,80650,Alta
SBUX,2022-12-19 04:00:00,2024-12-19 10:35:00,55030,Alta
KKR,2022-12-19 09:25:00,2024-12-19 10:00:00,41682,Moderada
DECK,2022-12-19 09:30:00,2024-12-19 09:30:00,39860,Baja
IVZ,2022-12-19 09:30:00,2024-12-19 10:00:00,41020,Moderada
KR,2022-12-19 07:20:00,2024-12-19 10:05:00,43674,Moderada
TDG,2022-12-19 09:30:00,2024-12-19 10:40:00,35516,Baja
MAA,2022-12-19 09:30:00,2024-12-19 10:10:00,39854,Baja
AIG,2022-12-19 07:00:00,2024-12-18 17:05:00,41846,Moderada
UDR,2022-12-19 09:30:00,2024-12-19 10:45:00,40239,Moderada
LEN,2022-12-19 08:20:00,2024-12-19 10:05:00,43081,Moderada
REG,2022-12-19 09:30:00,2024-12-19 10:30:00,39989,Baja
WTW,2022-12-19 09:30:00,2024-12-19 10:50:00,39431,Baja
IQV,2022-12-19 09:30:00,2024-12-19 10:00:00,40214,Moderada
OKE,2022-12-19 08:45:00,2024-12-19 10:20:00,42465,Moderada
IPG,2022-12-19 09:25:00,2024-12-19 09:55:00,40850,Moderada
BSX,2022-12-19 09:30:00,2024-12-19 08:00:00,42481,Moderada
RJF,2022-12-19 08:50:00,2024-12-19 10:30:00,40059,Moderada
MOH,2022-12-19 09:30:00,2024-12-19 10:10:00,38973,Baja
FITB,2022-12-19 08:55:00,2024-12-19 09:45:00,44135,Moderada
ITW,2022-12-19 09:30:00,2024-12-19 09:55:00,40287,Moderada
GNRC,2022-12-19 07:00:00,2024-12-19 09:50:00,42588,Moderada
WY,2022-12-19 08:35:00,2024-12-19 10:50:00,41677,Moderada
EW,2022-12-19 09:25:00,2024-12-19 09:35:00,41865,Moderada
STZ,2022-12-19 09:30:00,2024-12-19 09:30:00,41028,Moderada
ANET,2022-12-19 09:30:00,2024-12-19 09:10:00,47206,Moderada
PFG,2022-12-19 09:25:00,2024-12-19 10:25:00,40240,Moderada
LVS,2022-12-19 04:00:00,2024-12-19 10:05:00,46904,Moderada
CSCO,2022-12-19 04:55:00,2024-12-19 09:25:00,57104,Alta
ALLE,2022-12-19 09:30:00,2024-12-19 04:10:00,39806,Baja
EIX,2022-12-19 09:30:00,2024-12-19 09:35:00,40370,Moderada
KMB,2022-12-19 07:00:00,2024-12-19 10:00:00,41012,Moderada
EG,2022-12-19 09:30:00,2024-12-19 09:40:00,37737,Baja
PWR,2022-12-19 09:25:00,2024-12-19 10:30:00,40458,Moderada
BALL,2022-12-19 09:30:00,2024-12-18 17:05:00,40382,Moderada
HSY,2022-12-19 08:10:00,2024-12-19 09:50:00,41527,Moderada
ADSK,2022-12-19 09:30:00,2024-12-18 18:00:00,42209,Moderada
TT,2022-12-19 09:30:00,2024-12-19 10:40:00,40268,Moderada
HD,2022-12-19 07:50:00,2024-12-19 09:50:00,46311,Moderada
NDAQ,2022-12-19 08:50:00,2024-12-19 10:15:00,42885,Moderada
MCHP,2022-12-19 09:30:00,2024-12-19 10:10:00,45562,Moderada
MU,2022-12-19 05:40:00,2024-12-19 10:10:00,74452,Alta
RCL,2022-12-19 07:00:00,2024-12-19 10:30:00,47877,Moderada
CAG,2022-12-19 08:30:00,2024-12-19 09:25:00,42387,Moderada
ADBE,2022-12-19 04:00:00,2024-12-19 09:00:00,49208,Moderada
AMTM,2024-09-30 07:15:00,2024-12-19 09:05:00,4868,Baja
QCOM,2022-12-19 04:25:00,2024-12-19 10:30:00,60813,Alta
OMC,2022-12-19 09:30:00,2024-12-19 10:20:00,40456,Moderada
SYF,2022-12-19 09:30:00,2024-12-19 10:35:00,41983,Moderada
FDS,2022-12-19 09:30:00,2024-12-19 09:45:00,35799,Baja
UAL,2022-12-19 05:25:00,2024-12-19 10:45:00,59138,Alta
CAT,2022-12-19 04:00:00,2024-12-19 09:05:00,46621,Moderada
DVN,2022-12-19 04:50:00,2024-12-19 09:35:00,59044,Alta
FCX,2022-12-19 04:10:00,2024-12-19 09:45:00,57727,Alta
NVDA,2022-12-19 04:00:00,2024-12-19 10:20:00,93871,Alta
WM,2022-12-19 09:20:00,2024-12-19 10:50:00,41162,Moderada
LULU,2022-12-19 04:25:00,2024-12-19 10:05:00,46328,Moderada
GS,2022-12-19 07:00:00,2024-12-19 09:50:00,46278,Moderada
IP,2022-12-19 06:10:00,2024-12-19 09:55:00,43197,Moderada
MKTX,2022-12-19 09:30:00,2024-12-19 10:05:00,38333,Baja
CB,2022-12-19 09:30:00,2024-12-19 09:25:00,40947,Moderada
SNA,2022-12-19 09:25:00,2024-12-19 10:35:00,37335,Baja
FE,2022-12-19 09:30:00,2024-12-19 09:45:00,40699,Moderada
WELL,2022-12-19 09:25:00,2024-12-19 10:50:00,40759,Moderada
PEG,2022-12-19 08:35:00,2024-12-19 10:25:00,40455,Moderada
JKHY,2022-12-19 09:30:00,2024-12-19 10:00:00,39358,Baja
FAST,2022-12-19 09:30:00,2024-12-19 09:45:00,41609,Moderada
DAL,2022-12-19 04:00:00,2024-12-19 09:35:00,61096,Alta
CHRW,2022-12-19 09:30:00,2024-12-19 04:30:00,40421,Moderada
ZBH,2022-12-19 09:30:00,2024-12-19 10:55:00,40536,Moderada
APD,2022-12-19 09:25:00,2024-12-18 17:05:00,40631,Moderada
EPAM,2022-12-19 09:30:00,2024-12-19 09:40:00,39636,Baja
NDSN,2022-12-19 09:30:00,2024-12-19 10:15:00,35113,Baja
BKR,2022-12-19 08:10:00,2024-12-19 09:00:00,44286,Moderada
ALB,2022-12-19 07:45:00,2024-12-19 08:30:00,49266,Moderada
VRSK,2022-12-19 09:25:00,2024-12-19 10:45:00,40280,Moderada
CAH,2022-12-19 05:05:00,2024-12-18 18:35:00,40916,Moderada
OXY,2022-12-19 04:00:00,2024-12-19 10:20:00,72910,Alta
CDW,2022-12-19 09:30:00,2024-12-19 07:15:00,40252,Moderada
VTRS,2022-12-19 09:25:00,2024-12-19 10:45:00,43105,Moderada
OTIS,2022-12-19 09:30:00,2024-12-19 10:20:00,40425,Moderada
ETR,2022-12-19 09:30:00,2024-12-19 09:40:00,40238,Moderada
DOW,2022-12-19 08:10:00,2024-12-19 09:35:00,44873,Moderada
TJX,2022-12-19 07:00:00,2024-12-19 10:40:00,43138,Moderada
TXT,2022-12-19 08:40:00,2024-12-19 10:40:00,40492,Moderada
AAPL,2022-12-19 04:00:00,2024-12-19 09:10:00,92310,Alta
MRNA,2022-12-19 04:00:00,2024-12-19 10:10:00,56513,Alta
CPRT,2022-12-19 09:30:00,2024-12-19 09:30:00,42569,Moderada
LHX,2022-12-19 04:55:00,2024-12-19 10:05:00,40549,Moderada
LIN,2022-12-19 06:00:00,2024-12-19 10:05:00,43635,Moderada
ERIE,2022-12-19 09:30:00,2024-12-19 09:40:00,24730,Baja
AOS,2022-12-19 09:30:00,2024-12-19 06:00:00,40165,Moderada
SRE,2022-12-19 09:30:00,2024-12-19 10:35:00,40522,Moderada
ADP,2022-12-19 09:30:00,2024-12-19 08:40:00,41178,Moderada
EOG,2022-12-19 08:20:00,2024-12-19 09:40:00,43119,Moderada
AEE,2022-12-19 09:30:00,2024-12-19 07:05:00,40055,Moderada
JCI,2022-12-19 09:30:00,2024-12-19 10:00:00,41243,Moderada
SO,2022-12-19 08:30:00,2024-12-19 10:35:00,42209,Moderada
MO,2022-12-19 04:20:00,2024-12-19 09:05:00,55040,Alta
FOX,2022-12-19 09:30:00,2024-12-19 09:45:00,40327,Moderada
TMO,2022-12-19 09:30:00,2024-12-19 10:40:00,41446,Moderada
JBHT,2022-12-19 09:30:00,2024-12-19 10:00:00,40395,Moderada
CLX,2022-12-19 09:30:00,2024-12-18 16:00:00,41045,Moderada
EXPE,2022-12-19 08:10:00,2024-12-19 09:40:00,44408,Moderada
PODD,2022-12-19 08:15:00,2024-12-19 09:55:00,40208,Moderada
MCO,2022-12-19 09:30:00,2024-12-19 10:15:00,39981,Baja
EBAY,2022-12-19 04:10:00,2024-12-19 09:35:00,44763,Moderada
TSLA,2022-12-19 04:00:00,2024-12-19 10:40:00,95846,Alta
HCA,2022-12-19 09:30:00,2024-12-19 09:50:00,40674,Moderada
IT,2022-12-19 09:30:00,2024-12-19 09:45:00,38360,Baja
EQIX,2022-12-19 09:30:00,2024-12-19 09:40:00,39071,Baja
NEM,2022-12-19 04:00:00,2024-12-19 10:15:00,60948,Alta
DLR,2022-12-19 09:30:00,2024-12-19 09:35:00,41444,Moderada
WEC,2022-12-19 09:30:00,2024-12-19 10:50:00,40269,Moderada
NWSA,2022-12-19 09:30:00,2024-12-19 10:15:00,40536,Moderada
MCD,2022-12-19 08:20:00,2024-12-19 10:10:00,46232,Moderada
TGT,2022-12-19 07:00:00,2024-12-19 10:40:00,50640,Alta
STLD,2022-12-19 09:25:00,2024-12-19 10:35:00,41105,Moderada
CNP,2022-12-19 09:30:00,2024-12-19 05:40:00,40600,Moderada
ED,2022-12-19 09:30:00,2024-12-19 09:30:00,40580,Moderada
SCHW,2022-12-19 07:40:00,2024-12-19 09:25:00,52510,Alta
PYPL,2022-12-19 04:00:00,2024-12-19 10:25:00,74847,Alta
MRK,2022-12-19 08:00:00,2024-12-19 10:10:00,47788,Moderada
TSN,2022-12-19 07:15:00,2024-12-19 10:40:00,42862,Moderada
MOS,2022-12-19 07:25:00,2024-12-19 10:15:00,44750,Moderada
ORLY,2022-12-19 09:30:00,2024-12-19 10:20:00,38542,Baja
GEV,2024-04-02 05:35:00,2024-12-19 09:45:00,17407,Baja
HWM,2022-12-19 09:30:00,2024-12-19 09:55:00,41216,Moderada
CTAS,2022-12-19 09:30:00,2024-12-19 09:25:00,38769,Baja
CL,2022-12-19 09:30:00,2024-12-18 17:05:00,42204,Moderada
GE,2022-12-19 08:00:00,2024-12-19 09:45:00,50696,Alta
CI,2022-12-19 09:30:00,2024-12-19 09:25:00,41199,Moderada
NTAP,2022-12-19 09:30:00,2024-12-19 10:15:00,41600,Moderada
GEHC,2022-12-19 09:30:00,2024-12-19 09:45:00,44170,Moderada
MGM,2022-12-19 08:00:00,2024-12-19 10:10:00,45882,Moderada
TPR,2022-12-19 09:25:00,2024-12-19 10:40:00,42358,Moderada
LYV,2022-12-19 07:20:00,2024-12-19 10:05:00,41408,Moderada
FFIV,2022-12-19 09:30:00,2024-12-19 09:40:00,39692,Baja
MPWR,2022-12-19 09:30:00,2024-12-19 10:15:00,39867,Baja
PLTR,2022-12-19 04:00:00,2024-12-19 10:20:00,93589,Alta
KHC,2022-12-19 08:00:00,2024-12-19 10:05:00,48761,Moderada
BK,2022-12-19 09:25:00,2024-12-19 07:15:00,42065,Moderada
EL,2022-12-19 08:20:00,2024-12-19 09:40:00,44745,Moderada
PANW,2022-12-19 09:25:00,2024-12-19 10:20:00,53047,Alta
JNPR,2022-12-19 09:00:00,2024-12-19 10:00:00,42975,Moderada
UBER,2022-12-19 04:05:00,2024-12-19 10:45:00,70230,Alta
VICI,2022-12-19 08:45:00,2024-12-19 10:45:00,44299,Moderada
LYB,2022-12-19 08:05:00,2024-12-19 10:05:00,41004,Moderada
DE,2022-12-19 09:30:00,2024-12-19 09:30:00,42786,Moderada
BRK.B,2022-12-19 06:25:00,2024-12-19 09:05:00,51366,Alta
DGX,2022-12-19 09:30:00,2024-12-19 10:30:00,39921,Baja
PAYX,2022-12-19 09:25:00,2024-12-19 10:20:00,41193,Moderada
PGR,2022-12-19 09:30:00,2024-12-19 10:25:00,41213,Moderada
AEP,2022-12-19 08:00:00,2024-12-18 17:05:00,42220,Moderada
AMT,2022-12-19 09:25:00,2024-12-19 09:05:00,41395,Moderada
APA,2022-12-19 05:40:00,2024-12-19 09:05:00,48495,Moderada
KIM,2022-12-19 09:30:00,2024-12-19 10:00:00,40605,Moderada
SMCI,2022-12-19 07:25:00,2024-12-19 10:35:00,67168,Alta
RTX,2022-12-19 04:00:00,2024-12-19 10:30:00,47187,Moderada
C,2022-12-19 04:10:00,2024-12-19 09:25:00,60486,Alta
GILD,2022-12-19 04:05:00,2024-12-19 09:50:00,46594,Moderada
COP,2022-12-19 04:25:00,2024-12-19 09:25:00,46480,Moderada
CVX,2022-12-19 05:25:00,2024-12-19 09:25:00,55452,Alta
XOM,2022-12-19 04:05:00,2024-12-19 09:40:00,63186,Alta
BLDR,2022-12-19 09:30:00,2024-12-19 09:10:00,42145,Moderada
ATO,2022-12-19 09:30:00,2024-12-18 17:20:00,39905,Baja
PEP,2022-12-19 08:45:00,2024-12-19 10:25:00,47222,Moderada
FRT,2022-12-19 09:30:00,2024-12-19 09:45:00,39695,Baja
COO,2022-12-19 09:30:00,2024-12-19 09:30:00,38446,Baja
SLB,2022-12-19 04:00:00,2024-12-19 10:35:00,53234,Alta
HSIC,2022-12-19 09:30:00,2024-12-19 09:50:00,40056,Moderada
T,2022-12-19 04:00:00,2024-12-19 09:10:00,68903,Alta
NSC,2022-12-19 09:30:00,2024-12-19 10:15:00,40597,Moderada
BIIB,2022-12-19 08:00:00,2024-12-19 09:00:00,41632,Moderada
CBRE,2022-12-19 09:30:00,2024-12-19 07:40:00,40371,Moderada
EQR,2022-12-19 09:30:00,2024-12-19 09:40:00,40310,Moderada
MSCI,2022-12-19 09:30:00,2024-12-19 10:15:00,39106,Baja
MA,2022-12-19 04:05:00,2024-12-19 10:10:00,42249,Moderada
EMR,2022-12-19 07:55:00,2024-12-19 09:40:00,41566,Moderada
TSCO,2022-12-19 09:30:00,2024-12-19 10:40:00,40689,Moderada
AZO,2022-12-19 09:30:00,2024-12-19 09:00:00,29249,Baja
DOV,2022-12-19 09:30:00,2024-12-19 09:35:00,40138,Moderada
PM,2022-12-19 08:20:00,2024-12-19 10:25:00,43717,Moderada
IBM,2022-12-19 08:00:00,2024-12-19 09:55:00,48524,Moderada
CMI,2022-12-19 09:30:00,2024-12-19 09:30:00,40560,Moderada
ICE,2022-12-19 09:30:00,2024-12-19 09:55:00,40701,Moderada
GL,2022-12-19 09:30:00,2024-12-19 09:50:00,40711,Moderada
CCL,2022-12-19 04:05:00,2024-12-19 09:20:00,83471,Alta
AVY,2022-12-19 09:30:00,2024-12-18 16:00:00,39090,Baja
SW,2022-12-19 09:30:00,2024-12-19 10:35:00,45113,Moderada
AXON,2022-12-19 08:55:00,2024-12-19 09:10:00,40433,Moderada
NCLH,2022-12-19 08:00:00,2024-12-19 10:15:00,64444,Alta
LUV,2022-12-19 05:15:00,2024-12-19 10:35:00,54624,Alta
CNC,2022-12-19 09:30:00,2024-12-19 09:20:00,41719,Moderada
EXC,2022-12-19 09:30:00,2024-12-19 09:40:00,43146,Moderada
ULTA,2022-12-19 09:30:00,2024-12-19 10:45:00,42609,Moderada
BX,2022-12-19 04:05:00,2024-12-19 09:10:00,45560,Moderada
GM,2022-12-19 06:00:00,2024-12-19 09:50:00,59303,Alta
APTV,2022-12-19 09:30:00,2024-12-19 08:00:00,41059,Moderada
COF,2022-12-19 08:05:00,2024-12-19 08:00:00,42877,Moderada
ZBRA,2022-12-19 09:30:00,2024-12-19 10:50:00,38725,Baja
COST,2022-12-19 09:30:00,2024-12-19 09:30:00,46360,Moderada
AIZ,2022-12-19 09:30:00,2024-12-19 09:10:00,38527,Baja
YUM,2022-12-19 09:30:00,2024-12-19 10:50:00,40874,Moderada
ESS,2022-12-19 09:30:00,2024-12-19 09:40:00,38269,Baja
LLY,2022-12-19 07:00:00,2024-12-19 10:05:00,50492,Alta
AMCR,2022-12-19 09:30:00,2024-12-19 08:00:00,41790,Moderada
INCY,2022-12-19 09:30:00,2024-12-19 09:55:00,40884,Moderada
BDX,2022-12-19 09:30:00,2024-12-19 08:25:00,40364,Moderada
BAX,2022-12-19 04:00:00,2024-12-19 08:55:00,41424,Moderada
CME,2022-12-19 09:30:00,2024-12-19 09:25:00,41008,Moderada
FIS,2022-12-19 09:30:00,2024-12-19 09:45:00,41405,Moderada
CMG,2022-12-19 09:30:00,2024-12-19 09:25:00,43850,Moderada
SJM,2022-12-19 09:30:00,2024-12-19 10:35:00,40427,Moderada
AVB,2022-12-19 09:30:00,2024-12-18 16:00:00,39839,Baja
GPC,2022-12-19 09:30:00,2024-12-19 09:50:00,40251,Moderada
CFG,2022-12-19 09:30:00,2024-12-19 08:40:00,43129,Moderada
CDNS,2022-12-19 09:30:00,2024-12-19 09:15:00,42513,Moderada
JBL,2022-12-19 09:15:00,2024-12-19 10:00:00,41167,Moderada
XYL,2022-12-19 08:00:00,2024-12-19 10:50:00,40522,Moderada
REGN,2022-12-19 09:30:00,2024-12-19 10:30:00,40002,Moderada
MCK,2022-12-19 08:40:00,2024-12-19 10:10:00,40227,Moderada
SPGI,2022-12-19 09:30:00,2024-12-19 10:30:00,40637,Moderada
DFS,2022-12-19 08:00:00,2024-12-19 09:35:00,41963,Moderada
MS,2022-12-19 04:00:00,2024-12-19 10:15:00,48989,Moderada
HUBB,2022-12-19 09:30:00,2024-12-19 09:55:00,38963,Baja
LOW,2022-12-19 08:00:00,2024-12-19 10:05:00,43497,Moderada
TPL,2022-12-19 09:30:00,2024-12-19 10:40:00,15213,Baja
PH,2022-12-19 09:30:00,2024-12-19 10:20:00,39986,Baja
CPT,2022-12-19 09:30:00,2024-12-18 16:00:00,39985,Baja
NRG,2022-12-19 04:00:00,2024-12-19 10:20:00,41975,Moderada
F,2022-12-19 04:25:00,2024-12-19 09:45:00,80492,Alta
MTB,2022-12-19 09:15:00,2024-12-19 10:05:00,40838,Moderada
HBAN,2022-12-19 07:35:00,2024-12-19 09:55:00,46190,Moderada
DELL,2022-12-19 08:45:00,2024-12-19 09:35:00,57795,Alta
BEN,2022-12-19 09:30:00,2024-12-19 09:45:00,41482,Moderada
PCG,2022-12-19 08:20:00,2024-12-19 10:25:00,43275,Moderada
MDT,2022-12-19 04:10:00,2024-12-19 10:10:00,43778,Moderada
WST,2022-12-19 09:10:00,2024-12-19 10:50:00,38938,Baja
CARR,2022-12-19 09:30:00,2024-12-19 09:20:00,42133,Moderada
GD,2022-12-19 09:15:00,2024-12-19 09:50:00,41000,Moderada
CEG,2022-12-19 09:30:00,2024-12-19 09:30:00,43494,Moderada
DIS,2022-12-19 04:00:00,2024-12-19 10:50:00,69580,Alta
NTRS,2022-12-19 09:30:00,2024-12-19 10:15:00,40376,Moderada
PNC,2022-12-19 09:30:00,2024-12-19 10:25:00,42629,Moderada
